L1D_cache_size,L1I_cache_size,L2_cache_size,unrolling_factor,number of cycles,L1I_KB,L1D_KB,L2_KB,total_Memory_KB,exec_time_cc
2kB,2kB,128kB,2,60074572,2,2,128,132,60074572
2kB,2kB,128kB,4,59887203,2,2,128,132,59887203
2kB,2kB,128kB,8,59724828,2,2,128,132,59724828
2kB,2kB,128kB,16,64568544,2,2,128,132,64568544
2kB,2kB,128kB,32,65910108,2,2,128,132,65910108
2kB,2kB,256kB,2,60057623,2,2,256,260,60057623
2kB,2kB,256kB,4,59856952,2,2,256,260,59856952
2kB,2kB,256kB,8,59709751,2,2,256,260,59709751
2kB,2kB,256kB,16,64552303,2,2,256,260,64552303
2kB,2kB,256kB,32,65901025,2,2,256,260,65901025
2kB,2kB,512kB,2,60038914,2,2,512,516,60038914
2kB,2kB,512kB,4,59849090,2,2,512,516,59849090
2kB,2kB,512kB,8,59688054,2,2,512,516,59688054
2kB,2kB,512kB,16,64541170,2,2,512,516,64541170
2kB,2kB,512kB,32,65893832,2,2,512,516,65893832
2kB,2kB,1024kB,2,60052826,2,2,1024,1028,60052826
2kB,2kB,1024kB,4,59867482,2,2,1024,1028,59867482
2kB,2kB,1024kB,8,59725550,2,2,1024,1028,59725550
2kB,2kB,1024kB,16,64588649,2,2,1024,1028,64588649
2kB,2kB,1024kB,32,65884428,2,2,1024,1028,65884428
4kB,2kB,128kB,2,59973831,2,4,128,134,59973831
4kB,2kB,128kB,4,59786300,2,4,128,134,59786300
4kB,2kB,128kB,8,59623577,2,4,128,134,59623577
4kB,2kB,128kB,16,64469007,2,4,128,134,64469007
4kB,2kB,128kB,32,65766011,2,4,128,134,65766011
4kB,2kB,256kB,2,59955045,2,4,256,262,59955045
4kB,2kB,256kB,4,59764149,2,4,256,262,59764149
4kB,2kB,256kB,8,59612108,2,4,256,262,59612108
4kB,2kB,256kB,16,64450101,2,4,256,262,64450101
4kB,2kB,256kB,32,65753408,2,4,256,262,65753408
4kB,2kB,512kB,2,59928792,2,4,512,518,59928792
4kB,2kB,512kB,4,59749304,2,4,512,518,59749304
4kB,2kB,512kB,8,59579241,2,4,512,518,59579241
4kB,2kB,512kB,16,64433528,2,4,512,518,64433528
4kB,2kB,512kB,32,65760993,2,4,512,518,65760993
4kB,2kB,1024kB,2,59912228,2,4,1024,1030,59912228
4kB,2kB,1024kB,4,59726312,2,4,1024,1030,59726312
4kB,2kB,1024kB,8,59581738,2,4,1024,1030,59581738
4kB,2kB,1024kB,16,64467540,2,4,1024,1030,64467540
4kB,2kB,1024kB,32,65767218,2,4,1024,1030,65767218
8kB,2kB,128kB,2,59874187,2,8,128,138,59874187
8kB,2kB,128kB,4,59680688,2,8,128,138,59680688
8kB,2kB,128kB,8,59528734,2,8,128,138,59528734
8kB,2kB,128kB,16,64369296,2,8,128,138,64369296
8kB,2kB,128kB,32,65724642,2,8,128,138,65724642
8kB,2kB,256kB,2,59858596,2,8,256,266,59858596
8kB,2kB,256kB,4,59667577,2,8,256,266,59667577
8kB,2kB,256kB,8,59509736,2,8,256,266,59509736
8kB,2kB,256kB,16,64353313,2,8,256,266,64353313
8kB,2kB,256kB,32,65716318,2,8,256,266,65716318
8kB,2kB,512kB,2,59838913,2,8,512,522,59838913
8kB,2kB,512kB,4,59655974,2,8,512,522,59655974
8kB,2kB,512kB,8,59499417,2,8,512,522,59499417
8kB,2kB,512kB,16,64344982,2,8,512,522,64344982
8kB,2kB,512kB,32,65707426,2,8,512,522,65707426
8kB,2kB,1024kB,2,59846965,2,8,1024,1034,59846965
8kB,2kB,1024kB,4,59661306,2,8,1024,1034,59661306
8kB,2kB,1024kB,8,59518151,2,8,1024,1034,59518151
8kB,2kB,1024kB,16,64395999,2,8,1024,1034,64395999
8kB,2kB,1024kB,32,65732001,2,8,1024,1034,65732001
16kB,2kB,128kB,2,42968165,2,16,128,146,42968165
16kB,2kB,128kB,4,42778400,2,16,128,146,42778400
16kB,2kB,128kB,8,42591707,2,16,128,146,42591707
16kB,2kB,128kB,16,47531800,2,16,128,146,47531800
16kB,2kB,128kB,32,48890592,2,16,128,146,48890592
16kB,2kB,256kB,2,42963967,2,16,256,274,42963967
16kB,2kB,256kB,4,42768945,2,16,256,274,42768945
16kB,2kB,256kB,8,42583486,2,16,256,274,42583486
16kB,2kB,256kB,16,47522132,2,16,256,274,47522132
16kB,2kB,256kB,32,48879801,2,16,256,274,48879801
16kB,2kB,512kB,2,42890243,2,16,512,530,42890243
16kB,2kB,512kB,4,42691082,2,16,512,530,42691082
16kB,2kB,512kB,8,42510564,2,16,512,530,42510564
16kB,2kB,512kB,16,47450150,2,16,512,530,47450150
16kB,2kB,512kB,32,48856968,2,16,512,530,48856968
16kB,2kB,1024kB,2,42917472,2,16,1024,1042,42917472
16kB,2kB,1024kB,4,42727990,2,16,1024,1042,42727990
16kB,2kB,1024kB,8,42538932,2,16,1024,1042,42538932
16kB,2kB,1024kB,16,47471305,2,16,1024,1042,47471305
16kB,2kB,1024kB,32,48815165,2,16,1024,1042,48815165
32kB,2kB,128kB,2,42608317,2,32,128,162,42608317
32kB,2kB,128kB,4,42386266,2,32,128,162,42386266
32kB,2kB,128kB,8,42301347,2,32,128,162,42301347
32kB,2kB,128kB,16,47180696,2,32,128,162,47180696
32kB,2kB,128kB,32,48470451,2,32,128,162,48470451
32kB,2kB,256kB,2,42591155,2,32,256,290,42591155
32kB,2kB,256kB,4,42383411,2,32,256,290,42383411
32kB,2kB,256kB,8,42235824,2,32,256,290,42235824
32kB,2kB,256kB,16,47156383,2,32,256,290,47156383
32kB,2kB,256kB,32,48457379,2,32,256,290,48457379
32kB,2kB,512kB,2,42577172,2,32,512,546,42577172
32kB,2kB,512kB,4,42346080,2,32,512,546,42346080
32kB,2kB,512kB,8,42217526,2,32,512,546,42217526
32kB,2kB,512kB,16,47147906,2,32,512,546,47147906
32kB,2kB,512kB,32,48463655,2,32,512,546,48463655
32kB,2kB,1024kB,2,42594398,2,32,1024,1058,42594398
32kB,2kB,1024kB,4,42389265,2,32,1024,1058,42389265
32kB,2kB,1024kB,8,42230377,2,32,1024,1058,42230377
32kB,2kB,1024kB,16,47154450,2,32,1024,1058,47154450
32kB,2kB,1024kB,32,48458107,2,32,1024,1058,48458107
64kB,2kB,128kB,2,42783093,2,64,128,194,42783093
64kB,2kB,128kB,4,42557795,2,64,128,194,42557795
64kB,2kB,128kB,8,42405270,2,64,128,194,42405270
64kB,2kB,128kB,16,47326041,2,64,128,194,47326041
64kB,2kB,128kB,32,48695575,2,64,128,194,48695575
64kB,2kB,256kB,2,42588066,2,64,256,322,42588066
64kB,2kB,256kB,4,42362950,2,64,256,322,42362950
64kB,2kB,256kB,8,42231717,2,64,256,322,42231717
64kB,2kB,256kB,16,47164074,2,64,256,322,47164074
64kB,2kB,256kB,32,48454562,2,64,256,322,48454562
64kB,2kB,512kB,2,42573572,2,64,512,578,42573572
64kB,2kB,512kB,4,42347391,2,64,512,578,42347391
64kB,2kB,512kB,8,42254645,2,64,512,578,42254645
64kB,2kB,512kB,16,47147096,2,64,512,578,47147096
64kB,2kB,512kB,32,48446022,2,64,512,578,48446022
64kB,2kB,1024kB,2,42584958,2,64,1024,1090,42584958
64kB,2kB,1024kB,4,42370989,2,64,1024,1090,42370989
64kB,2kB,1024kB,8,42223497,2,64,1024,1090,42223497
64kB,2kB,1024kB,16,47150571,2,64,1024,1090,47150571
64kB,2kB,1024kB,32,48464481,2,64,1024,1090,48464481
2kB,4kB,128kB,2,60025308,4,2,128,134,60025308
2kB,4kB,128kB,4,59832519,4,2,128,134,59832519
2kB,4kB,128kB,8,59669045,4,2,128,134,59669045
2kB,4kB,128kB,16,59579732,4,2,128,134,59579732
2kB,4kB,128kB,32,64134097,4,2,128,134,64134097
2kB,4kB,256kB,2,60016993,4,2,256,262,60016993
2kB,4kB,256kB,4,59813703,4,2,256,262,59813703
2kB,4kB,256kB,8,59667943,4,2,256,262,59667943
2kB,4kB,256kB,16,59575580,4,2,256,262,59575580
2kB,4kB,256kB,32,64124445,4,2,256,262,64124445
2kB,4kB,512kB,2,59990246,4,2,512,518,59990246
2kB,4kB,512kB,4,59792753,4,2,512,518,59792753
2kB,4kB,512kB,8,59641288,4,2,512,518,59641288
2kB,4kB,512kB,16,59561213,4,2,512,518,59561213
2kB,4kB,512kB,32,64106888,4,2,512,518,64106888
2kB,4kB,1024kB,2,60001420,4,2,1024,1030,60001420
2kB,4kB,1024kB,4,59812161,4,2,1024,1030,59812161
2kB,4kB,1024kB,8,59671046,4,2,1024,1030,59671046
2kB,4kB,1024kB,16,59592975,4,2,1024,1030,59592975
2kB,4kB,1024kB,32,64126505,4,2,1024,1030,64126505
4kB,4kB,128kB,2,59923558,4,4,128,136,59923558
4kB,4kB,128kB,4,59730752,4,4,128,136,59730752
4kB,4kB,128kB,8,59567374,4,4,128,136,59567374
4kB,4kB,128kB,16,59484646,4,4,128,136,59484646
4kB,4kB,128kB,32,63990645,4,4,128,136,63990645
4kB,4kB,256kB,2,59902575,4,4,256,264,59902575
4kB,4kB,256kB,4,59716224,4,4,256,264,59716224
4kB,4kB,256kB,8,59548882,4,4,256,264,59548882
4kB,4kB,256kB,16,59462725,4,4,256,264,59462725
4kB,4kB,256kB,32,63981870,4,4,256,264,63981870
4kB,4kB,512kB,2,59874572,4,4,512,520,59874572
4kB,4kB,512kB,4,59680918,4,4,512,520,59680918
4kB,4kB,512kB,8,59535848,4,4,512,520,59535848
4kB,4kB,512kB,16,59448497,4,4,512,520,59448497
4kB,4kB,512kB,32,63973169,4,4,512,520,63973169
4kB,4kB,1024kB,2,59857358,4,4,1024,1032,59857358
4kB,4kB,1024kB,4,59671545,4,4,1024,1032,59671545
4kB,4kB,1024kB,8,59536621,4,4,1024,1032,59536621
4kB,4kB,1024kB,16,59455710,4,4,1024,1032,59455710
4kB,4kB,1024kB,32,63998786,4,4,1024,1032,63998786
8kB,4kB,128kB,2,59831089,4,8,128,140,59831089
8kB,4kB,128kB,4,59638034,4,8,128,140,59638034
8kB,4kB,128kB,8,59481239,4,8,128,140,59481239
8kB,4kB,128kB,16,59386648,4,8,128,140,59386648
8kB,4kB,128kB,32,63967288,4,8,128,140,63967288
8kB,4kB,256kB,2,59807730,4,8,256,268,59807730
8kB,4kB,256kB,4,59606986,4,8,256,268,59606986
8kB,4kB,256kB,8,59461767,4,8,256,268,59461767
8kB,4kB,256kB,16,59369190,4,8,256,268,59369190
8kB,4kB,256kB,32,63940660,4,8,256,268,63940660
8kB,4kB,512kB,2,59782567,4,8,512,524,59782567
8kB,4kB,512kB,4,59589715,4,8,512,524,59589715
8kB,4kB,512kB,8,59437927,4,8,512,524,59437927
8kB,4kB,512kB,16,59356431,4,8,512,524,59356431
8kB,4kB,512kB,32,63944654,4,8,512,524,63944654
8kB,4kB,1024kB,2,59792157,4,8,1024,1036,59792157
8kB,4kB,1024kB,4,59609414,4,8,1024,1036,59609414
8kB,4kB,1024kB,8,59466444,4,8,1024,1036,59466444
8kB,4kB,1024kB,16,59382454,4,8,1024,1036,59382454
8kB,4kB,1024kB,32,63964621,4,8,1024,1036,63964621
16kB,4kB,128kB,2,42926516,4,16,128,148,42926516
16kB,4kB,128kB,4,42714641,4,16,128,148,42714641
16kB,4kB,128kB,8,42546499,4,16,128,148,42546499
16kB,4kB,128kB,16,42472280,4,16,128,148,42472280
16kB,4kB,128kB,32,47007548,4,16,128,148,47007548
16kB,4kB,256kB,2,42857102,4,16,256,276,42857102
16kB,4kB,256kB,4,42645892,4,16,256,276,42645892
16kB,4kB,256kB,8,42476422,4,16,256,276,42476422
16kB,4kB,256kB,16,42474050,4,16,256,276,42474050
16kB,4kB,256kB,32,46993497,4,16,256,276,46993497
16kB,4kB,512kB,2,42893891,4,16,512,532,42893891
16kB,4kB,512kB,4,42676950,4,16,512,532,42676950
16kB,4kB,512kB,8,42515354,4,16,512,532,42515354
16kB,4kB,512kB,16,42509141,4,16,512,532,42509141
16kB,4kB,512kB,32,47017123,4,16,512,532,47017123
16kB,4kB,1024kB,2,42901853,4,16,1024,1044,42901853
16kB,4kB,1024kB,4,42717181,4,16,1024,1044,42717181
16kB,4kB,1024kB,8,42527113,4,16,1024,1044,42527113
16kB,4kB,1024kB,16,42484175,4,16,1024,1044,42484175
16kB,4kB,1024kB,32,47036600,4,16,1024,1044,47036600
32kB,4kB,128kB,2,42553573,4,32,128,164,42553573
32kB,4kB,128kB,4,42331514,4,32,128,164,42331514
32kB,4kB,128kB,8,42246795,4,32,128,164,42246795
32kB,4kB,128kB,16,42146735,4,32,128,164,42146735
32kB,4kB,128kB,32,46612272,4,32,128,164,46612272
32kB,4kB,256kB,2,42545793,4,32,256,292,42545793
32kB,4kB,256kB,4,42339463,4,32,256,292,42339463
32kB,4kB,256kB,8,42189009,4,32,256,292,42189009
32kB,4kB,256kB,16,42138900,4,32,256,292,42138900
32kB,4kB,256kB,32,46620597,4,32,256,292,46620597
32kB,4kB,512kB,2,42523447,4,32,512,548,42523447
32kB,4kB,512kB,4,42315270,4,32,512,548,42315270
32kB,4kB,512kB,8,42165602,4,32,512,548,42165602
32kB,4kB,512kB,16,42118938,4,32,512,548,42118938
32kB,4kB,512kB,32,46612717,4,32,512,548,46612717
32kB,4kB,1024kB,2,42543990,4,32,1024,1060,42543990
32kB,4kB,1024kB,4,42322556,4,32,1024,1060,42322556
32kB,4kB,1024kB,8,42181175,4,32,1024,1060,42181175
32kB,4kB,1024kB,16,42142206,4,32,1024,1060,42142206
32kB,4kB,1024kB,32,46658639,4,32,1024,1060,46658639
64kB,4kB,128kB,2,42737932,4,64,128,196,42737932
64kB,4kB,128kB,4,42527543,4,64,128,196,42527543
64kB,4kB,128kB,8,42356718,4,64,128,196,42356718
64kB,4kB,128kB,16,42308275,4,64,128,196,42308275
64kB,4kB,128kB,32,46855591,4,64,128,196,46855591
64kB,4kB,256kB,2,42538000,4,64,256,324,42538000
64kB,4kB,256kB,4,42311696,4,64,256,324,42311696
64kB,4kB,256kB,8,42183907,4,64,256,324,42183907
64kB,4kB,256kB,16,42147549,4,64,256,324,42147549
64kB,4kB,256kB,32,46612272,4,64,256,324,46612272
64kB,4kB,512kB,2,42523776,4,64,512,580,42523776
64kB,4kB,512kB,4,42299214,4,64,512,580,42299214
64kB,4kB,512kB,8,42167004,4,64,512,580,42167004
64kB,4kB,512kB,16,42131976,4,64,512,580,42131976
64kB,4kB,512kB,32,46612556,4,64,512,580,46612556
64kB,4kB,1024kB,2,42540783,4,64,1024,1092,42540783
64kB,4kB,1024kB,4,42322556,4,64,1024,1092,42322556
64kB,4kB,1024kB,8,42176441,4,64,1024,1092,42176441
64kB,4kB,1024kB,16,42149285,4,64,1024,1092,42149285
64kB,4kB,1024kB,32,46646420,4,64,1024,1092,46646420
2kB,8kB,128kB,2,60026111,8,2,128,138,60026111
2kB,8kB,128kB,4,59833449,8,2,128,138,59833449
2kB,8kB,128kB,8,59682892,8,2,128,138,59682892
2kB,8kB,128kB,16,59588559,8,2,128,138,59588559
2kB,8kB,128kB,32,59427801,8,2,128,138,59427801
2kB,8kB,256kB,2,60002752,8,2,256,266,60002752
2kB,8kB,256kB,4,59800397,8,2,256,266,59800397
2kB,8kB,256kB,8,59655029,8,2,256,266,59655029
2kB,8kB,256kB,16,59562842,8,2,256,266,59562842
2kB,8kB,256kB,32,59411598,8,2,256,266,59411598
2kB,8kB,512kB,2,59993424,8,2,512,522,59993424
2kB,8kB,512kB,4,59809870,8,2,512,522,59809870
2kB,8kB,512kB,8,59659014,8,2,512,522,59659014
2kB,8kB,512kB,16,59566865,8,2,512,522,59566865
2kB,8kB,512kB,32,59394093,8,2,512,522,59394093
2kB,8kB,1024kB,2,59993572,8,2,1024,1034,59993572
2kB,8kB,1024kB,4,59804736,8,2,1024,1034,59804736
2kB,8kB,1024kB,8,59663071,8,2,1024,1034,59663071
2kB,8kB,1024kB,16,59584961,8,2,1024,1034,59584961
2kB,8kB,1024kB,32,59400295,8,2,1024,1034,59400295
4kB,8kB,128kB,2,59918046,8,4,128,140,59918046
4kB,8kB,128kB,4,59729676,8,4,128,140,59729676
4kB,8kB,128kB,8,59568822,8,4,128,140,59568822
4kB,8kB,128kB,16,59473687,8,4,128,140,59473687
4kB,8kB,128kB,32,59281539,8,4,128,140,59281539
4kB,8kB,256kB,2,59900199,8,4,256,268,59900199
4kB,8kB,256kB,4,59698722,8,4,256,268,59698722
4kB,8kB,256kB,8,59557440,8,4,256,268,59557440
4kB,8kB,256kB,16,59459978,8,4,256,268,59459978
4kB,8kB,256kB,32,59268200,8,4,256,268,59268200
4kB,8kB,512kB,2,59866714,8,4,512,524,59866714
4kB,8kB,512kB,4,59673059,8,4,512,524,59673059
4kB,8kB,512kB,8,59528734,8,4,512,524,59528734
4kB,8kB,512kB,16,59440722,8,4,512,524,59440722
4kB,8kB,512kB,32,59260450,8,4,512,524,59260450
4kB,8kB,1024kB,2,59857358,8,4,1024,1036,59857358
4kB,8kB,1024kB,4,59671473,8,4,1024,1036,59671473
4kB,8kB,1024kB,8,59536520,8,4,1024,1036,59536520
4kB,8kB,1024kB,16,59455330,8,4,1024,1036,59455330
4kB,8kB,1024kB,32,59286673,8,4,1024,1036,59286673
8kB,8kB,128kB,2,59815325,8,8,128,144,59815325
8kB,8kB,128kB,4,59622462,8,8,128,144,59622462
8kB,8kB,128kB,8,59465548,8,8,128,144,59465548
8kB,8kB,128kB,16,59377532,8,8,128,144,59377532
8kB,8kB,128kB,32,59241019,8,8,128,144,59241019
8kB,8kB,256kB,2,59807539,8,8,256,272,59807539
8kB,8kB,256kB,4,59622674,8,8,256,272,59622674
8kB,8kB,256kB,8,59465405,8,8,256,272,59465405
8kB,8kB,256kB,16,59366499,8,8,256,272,59366499
8kB,8kB,256kB,32,59231817,8,8,256,272,59231817
8kB,8kB,512kB,2,59782495,8,8,512,528,59782495
8kB,8kB,512kB,4,59589715,8,8,512,528,59589715
8kB,8kB,512kB,8,59443606,8,8,512,528,59443606
8kB,8kB,512kB,16,59358173,8,8,512,528,59358173
8kB,8kB,512kB,32,59224398,8,8,512,528,59224398
8kB,8kB,1024kB,2,59791966,8,8,1024,1040,59791966
8kB,8kB,1024kB,4,59606499,8,8,1024,1040,59606499
8kB,8kB,1024kB,8,59463234,8,8,1024,1040,59463234
8kB,8kB,1024kB,16,59381269,8,8,1024,1040,59381269
8kB,8kB,1024kB,32,59241947,8,8,1024,1040,59241947
16kB,8kB,128kB,2,42920966,8,16,128,152,42920966
16kB,8kB,128kB,4,42731448,8,16,128,152,42731448
16kB,8kB,128kB,8,42544584,8,16,128,152,42544584
16kB,8kB,128kB,16,42469248,8,16,128,152,42469248
16kB,8kB,128kB,32,42315832,8,16,128,152,42315832
16kB,8kB,256kB,2,42906656,8,16,256,280,42906656
16kB,8kB,256kB,4,42713131,8,16,256,280,42713131
16kB,8kB,256kB,8,42527519,8,16,256,280,42527519
16kB,8kB,256kB,16,42454808,8,16,256,280,42454808
16kB,8kB,256kB,32,42344567,8,16,256,280,42344567
16kB,8kB,512kB,2,42886105,8,16,512,536,42886105
16kB,8kB,512kB,4,42669129,8,16,512,536,42669129
16kB,8kB,512kB,8,42504306,8,16,512,536,42504306
16kB,8kB,512kB,16,42434707,8,16,512,536,42434707
16kB,8kB,512kB,32,42369014,8,16,512,536,42369014
16kB,8kB,1024kB,2,42901402,8,16,1024,1048,42901402
16kB,8kB,1024kB,4,42694764,8,16,1024,1048,42694764
16kB,8kB,1024kB,8,42519040,8,16,1024,1048,42519040
16kB,8kB,1024kB,16,42473502,8,16,1024,1048,42473502
16kB,8kB,1024kB,32,42330205,8,16,1024,1048,42330205
32kB,8kB,128kB,2,42559220,8,32,128,168,42559220
32kB,8kB,128kB,4,42355825,8,32,128,168,42355825
32kB,8kB,128kB,8,42205648,8,32,128,168,42205648
32kB,8kB,128kB,16,42171073,8,32,128,168,42171073
32kB,8kB,128kB,32,41928215,8,32,128,168,41928215
32kB,8kB,256kB,2,42539342,8,32,256,296,42539342
32kB,8kB,256kB,4,42314655,8,32,256,296,42314655
32kB,8kB,256kB,8,42229252,8,32,256,296,42229252
32kB,8kB,256kB,16,42147714,8,32,256,296,42147714
32kB,8kB,256kB,32,41915798,8,32,256,296,41915798
32kB,8kB,512kB,2,42525015,8,32,512,552,42525015
32kB,8kB,512kB,4,42300274,8,32,512,552,42300274
32kB,8kB,512kB,8,42165220,8,32,512,552,42165220
32kB,8kB,512kB,16,42119416,8,32,512,552,42119416
32kB,8kB,512kB,32,41907554,8,32,512,552,41907554
32kB,8kB,1024kB,2,42538288,8,32,1024,1064,42538288
32kB,8kB,1024kB,4,42314846,8,32,1024,1064,42314846
32kB,8kB,1024kB,8,42188658,8,32,1024,1064,42188658
32kB,8kB,1024kB,16,42137255,8,32,1024,1064,42137255
32kB,8kB,1024kB,32,41940531,8,32,1024,1064,41940531
64kB,8kB,128kB,2,42724967,8,64,128,200,42724967
64kB,8kB,128kB,4,42504112,8,64,128,200,42504112
64kB,8kB,128kB,8,42352353,8,64,128,200,42352353
64kB,8kB,128kB,16,42303064,8,64,128,200,42303064
64kB,8kB,128kB,32,42187433,8,64,128,200,42187433
64kB,8kB,256kB,2,42538904,8,64,256,328,42538904
64kB,8kB,256kB,4,42313183,8,64,256,328,42313183
64kB,8kB,256kB,8,42183393,8,64,256,328,42183393
64kB,8kB,256kB,16,42141861,8,64,256,328,42141861
64kB,8kB,256kB,32,41921899,8,64,256,328,41921899
64kB,8kB,512kB,2,42521289,8,64,512,584,42521289
64kB,8kB,512kB,4,42315121,8,64,512,584,42315121
64kB,8kB,512kB,8,42203192,8,64,512,584,42203192
64kB,8kB,512kB,16,42128860,8,64,512,584,42128860
64kB,8kB,512kB,32,41904591,8,64,512,584,41904591
64kB,8kB,1024kB,2,42533334,8,64,1024,1096,42533334
64kB,8kB,1024kB,4,42307060,8,64,1024,1096,42307060
64kB,8kB,1024kB,8,42168111,8,64,1024,1096,42168111
64kB,8kB,1024kB,16,42131976,8,64,1024,1096,42131976
64kB,8kB,1024kB,32,41940531,8,64,1024,1096,41940531
2kB,16kB,128kB,2,60005266,16,2,128,146,60005266
2kB,16kB,128kB,4,59817912,16,2,128,146,59817912
2kB,16kB,128kB,8,59655036,16,2,128,146,59655036
2kB,16kB,128kB,16,59559746,16,2,128,146,59559746
2kB,16kB,128kB,32,59411925,16,2,128,146,59411925
2kB,16kB,256kB,2,60004197,16,2,256,274,60004197
2kB,16kB,256kB,4,59803203,16,2,256,274,59803203
2kB,16kB,256kB,8,59650306,16,2,256,274,59650306
2kB,16kB,256kB,16,59563182,16,2,256,274,59563182
2kB,16kB,256kB,32,59397275,16,2,256,274,59397275
2kB,16kB,512kB,2,59968503,16,2,512,530,59968503
2kB,16kB,512kB,4,59778858,16,2,512,530,59778858
2kB,16kB,512kB,8,59617686,16,2,512,530,59617686
2kB,16kB,512kB,16,59538881,16,2,512,530,59538881
2kB,16kB,512kB,32,59382221,16,2,512,530,59382221
2kB,16kB,1024kB,2,59975639,16,2,1024,1042,59975639
2kB,16kB,1024kB,4,59793865,16,2,1024,1042,59793865
2kB,16kB,1024kB,8,59647499,16,2,1024,1042,59647499
2kB,16kB,1024kB,16,59571263,16,2,1024,1042,59571263
2kB,16kB,1024kB,32,59382607,16,2,1024,1042,59382607
4kB,16kB,128kB,2,59902474,16,4,128,148,59902474
4kB,16kB,128kB,4,59714104,16,4,128,148,59714104
4kB,16kB,128kB,8,59557946,16,4,128,148,59557946
4kB,16kB,128kB,16,59456548,16,4,128,148,59456548
4kB,16kB,128kB,32,59266744,16,4,128,148,59266744
4kB,16kB,256kB,2,59886901,16,4,256,276,59886901
4kB,16kB,256kB,4,59684849,16,4,256,276,59684849
4kB,16kB,256kB,8,59544209,16,4,256,276,59544209
4kB,16kB,256kB,16,59447444,16,4,256,276,59447444
4kB,16kB,256kB,32,59255176,16,4,256,276,59255176
4kB,16kB,512kB,2,59864650,16,4,512,532,59864650
4kB,16kB,512kB,4,59671653,16,4,512,532,59671653
4kB,16kB,512kB,8,59519309,16,4,512,532,59519309
4kB,16kB,512kB,16,59432138,16,4,512,532,59432138
4kB,16kB,512kB,32,59244650,16,4,512,532,59244650
4kB,16kB,1024kB,2,59841786,16,4,1024,1044,59841786
4kB,16kB,1024kB,4,59655901,16,4,1024,1044,59655901
4kB,16kB,1024kB,8,59511228,16,4,1024,1044,59511228
4kB,16kB,1024kB,16,59439222,16,4,1024,1044,59439222
4kB,16kB,1024kB,32,59268111,16,4,1024,1044,59268111
8kB,16kB,128kB,2,59811215,16,8,128,152,59811215
8kB,16kB,128kB,4,59617962,16,8,128,152,59617962
8kB,16kB,128kB,8,59461494,16,8,128,152,59461494
8kB,16kB,128kB,16,59366412,16,8,128,152,59366412
8kB,16kB,128kB,32,59228140,16,8,128,152,59228140
8kB,16kB,256kB,2,59794203,16,8,256,280,59794203
8kB,16kB,256kB,4,59591317,16,8,256,280,59591317
8kB,16kB,256kB,8,59445914,16,8,256,280,59445914
8kB,16kB,256kB,16,59353858,16,8,256,280,59353858
8kB,16kB,256kB,32,59217371,16,8,256,280,59217371
8kB,16kB,512kB,2,59768608,16,8,512,536,59768608
8kB,16kB,512kB,4,59586082,16,8,512,536,59586082
8kB,16kB,512kB,8,59428964,16,8,512,536,59428964
8kB,16kB,512kB,16,59342646,16,8,512,536,59342646
8kB,16kB,512kB,32,59208602,16,8,512,536,59208602
8kB,16kB,1024kB,2,59776394,16,8,1024,1048,59776394
8kB,16kB,1024kB,4,59592412,16,8,1024,1048,59592412
8kB,16kB,1024kB,8,59447661,16,8,1024,1048,59447661
8kB,16kB,1024kB,16,59371970,16,8,1024,1048,59371970
8kB,16kB,1024kB,32,59235384,16,8,1024,1048,59235384
16kB,16kB,128kB,2,42903590,16,16,128,160,42903590
16kB,16kB,128kB,4,42691594,16,16,128,160,42691594
16kB,16kB,128kB,8,42525130,16,16,128,160,42525130
16kB,16kB,128kB,16,42452179,16,16,128,160,42452179
16kB,16kB,128kB,32,42300132,16,16,128,160,42300132
16kB,16kB,256kB,2,42888018,16,16,256,288,42888018
16kB,16kB,256kB,4,42674657,16,16,256,288,42674657
16kB,16kB,256kB,8,42507319,16,16,256,288,42507319
16kB,16kB,256kB,16,42434682,16,16,256,288,42434682
16kB,16kB,256kB,32,42286086,16,16,256,288,42286086
16kB,16kB,512kB,2,42873431,16,16,512,544,42873431
16kB,16kB,512kB,4,42655754,16,16,512,544,42655754
16kB,16kB,512kB,8,42493767,16,16,512,544,42493767
16kB,16kB,512kB,16,42436606,16,16,512,544,42436606
16kB,16kB,512kB,32,42314262,16,16,512,544,42314262
16kB,16kB,1024kB,2,42885725,16,16,1024,1056,42885725
16kB,16kB,1024kB,4,42683820,16,16,1024,1056,42683820
16kB,16kB,1024kB,8,42505658,16,16,1024,1056,42505658
16kB,16kB,1024kB,16,42493506,16,16,1024,1056,42493506
16kB,16kB,1024kB,32,42314316,16,16,1024,1056,42314316
32kB,16kB,128kB,2,42536762,16,32,128,176,42536762
32kB,16kB,128kB,4,42308083,16,32,128,176,42308083
32kB,16kB,128kB,8,42180765,16,32,128,176,42180765
32kB,16kB,128kB,16,42130415,16,32,128,176,42130415
32kB,16kB,128kB,32,41912388,16,32,128,176,41912388
32kB,16kB,256kB,2,42519706,16,32,256,304,42519706
32kB,16kB,256kB,4,42292503,16,32,256,304,42292503
32kB,16kB,256kB,8,42164260,16,32,256,304,42164260
32kB,16kB,256kB,16,42114180,16,32,256,304,42114180
32kB,16kB,256kB,32,41900107,16,32,256,304,41900107
32kB,16kB,512kB,2,42510498,16,32,512,560,42510498
32kB,16kB,512kB,4,42284701,16,32,512,560,42284701
32kB,16kB,512kB,8,42192157,16,32,512,560,42192157
32kB,16kB,512kB,16,42105847,16,32,512,560,42105847
32kB,16kB,512kB,32,41893688,16,32,512,560,41893688
32kB,16kB,1024kB,2,42521289,16,32,1024,1072,42521289
32kB,16kB,1024kB,4,42317651,16,32,1024,1072,42317651
32kB,16kB,1024kB,8,42158084,16,32,1024,1072,42158084
32kB,16kB,1024kB,16,42122558,16,32,1024,1072,42122558
32kB,16kB,1024kB,32,41922984,16,32,1024,1072,41922984
64kB,16kB,128kB,2,42714634,16,64,128,208,42714634
64kB,16kB,128kB,4,42506058,16,64,128,208,42506058
64kB,16kB,128kB,8,42337431,16,64,128,208,42337431
64kB,16kB,128kB,16,42286815,16,64,128,208,42286815
64kB,16kB,128kB,32,42172511,16,64,128,208,42172511
64kB,16kB,256kB,2,42517742,16,64,256,336,42517742
64kB,16kB,256kB,4,42292503,16,64,256,336,42292503
64kB,16kB,256kB,8,42165220,16,64,256,336,42165220
64kB,16kB,256kB,16,42113910,16,64,256,336,42113910
64kB,16kB,256kB,32,41898389,16,64,256,336,41898389
64kB,16kB,512kB,2,42503220,16,64,512,592,42503220
64kB,16kB,512kB,4,42276915,16,64,512,592,42276915
64kB,16kB,512kB,8,42143386,16,64,512,592,42143386
64kB,16kB,512kB,16,42098338,16,64,512,592,42098338
64kB,16kB,512kB,32,41889209,16,64,512,592,41889209
64kB,16kB,1024kB,2,42522428,16,64,1024,1104,42522428
64kB,16kB,1024kB,4,42308367,16,64,1024,1104,42308367
64kB,16kB,1024kB,8,42161035,16,64,1024,1104,42161035
64kB,16kB,1024kB,16,42130498,16,64,1024,1104,42130498
64kB,16kB,1024kB,32,41924848,16,64,1024,1104,41924848
2kB,32kB,128kB,2,60000677,32,2,128,162,60000677
2kB,32kB,128kB,4,59812123,32,2,128,162,59812123
2kB,32kB,128kB,8,59649634,32,2,128,162,59649634
2kB,32kB,128kB,16,59561146,32,2,128,162,59561146
2kB,32kB,128kB,32,59409124,32,2,128,162,59409124
2kB,32kB,256kB,2,59985848,32,2,256,290,59985848
2kB,32kB,256kB,4,59795027,32,2,256,290,59795027
2kB,32kB,256kB,8,59642613,32,2,256,290,59642613
2kB,32kB,256kB,16,59545022,32,2,256,290,59545022
2kB,32kB,256kB,32,59396896,32,2,256,290,59396896
2kB,32kB,512kB,2,59966345,32,2,512,546,59966345
2kB,32kB,512kB,4,59768569,32,2,512,546,59768569
2kB,32kB,512kB,8,59617068,32,2,512,546,59617068
2kB,32kB,512kB,16,59536962,32,2,512,546,59536962
2kB,32kB,512kB,32,59379035,32,2,512,546,59379035
2kB,32kB,1024kB,2,59978908,32,2,1024,1058,59978908
2kB,32kB,1024kB,4,59794934,32,2,1024,1058,59794934
2kB,32kB,1024kB,8,59653091,32,2,1024,1058,59653091
2kB,32kB,1024kB,16,59568186,32,2,1024,1058,59568186
2kB,32kB,1024kB,32,59375975,32,2,1024,1058,59375975
4kB,32kB,128kB,2,59902050,32,4,128,164,59902050
4kB,32kB,128kB,4,59708763,32,4,128,164,59708763
4kB,32kB,128kB,8,59552713,32,4,128,164,59552713
4kB,32kB,128kB,16,59458286,32,4,128,164,59458286
4kB,32kB,128kB,32,59265185,32,4,128,164,59265185
4kB,32kB,256kB,2,59884008,32,4,256,292,59884008
4kB,32kB,256kB,4,59693430,32,4,256,292,59693430
4kB,32kB,256kB,8,59541024,32,4,256,292,59541024
4kB,32kB,256kB,16,59443825,32,4,256,292,59443825
4kB,32kB,256kB,32,59254407,32,4,256,292,59254407
4kB,32kB,512kB,2,59850710,32,4,512,548,59850710
4kB,32kB,512kB,4,59656748,32,4,512,548,59656748
4kB,32kB,512kB,8,59511661,32,4,512,548,59511661
4kB,32kB,512kB,16,59425238,32,4,512,548,59425238
4kB,32kB,512kB,32,59246189,32,4,512,548,59246189
4kB,32kB,1024kB,2,59841052,32,4,1024,1060,59841052
4kB,32kB,1024kB,4,59655297,32,4,1024,1060,59655297
4kB,32kB,1024kB,8,59510676,32,4,1024,1060,59510676
4kB,32kB,1024kB,16,59438603,32,4,1024,1060,59438603
4kB,32kB,1024kB,32,59259265,32,4,1024,1060,59259265
8kB,32kB,128kB,2,59806929,32,8,128,168,59806929
8kB,32kB,128kB,4,59619894,32,8,128,168,59619894
8kB,32kB,128kB,8,59457158,32,8,128,168,59457158
8kB,32kB,128kB,16,59363113,32,8,128,168,59363113
8kB,32kB,128kB,32,59223314,32,8,128,168,59223314
8kB,32kB,256kB,2,59789775,32,8,256,296,59789775
8kB,32kB,256kB,4,59604321,32,8,256,296,59604321
8kB,32kB,256kB,8,59447387,32,8,256,296,59447387
8kB,32kB,256kB,16,59350273,32,8,256,296,59350273
8kB,32kB,256kB,32,59215337,32,8,256,296,59215337
8kB,32kB,512kB,2,59766401,32,8,512,552,59766401
8kB,32kB,512kB,4,59573341,32,8,512,552,59573341
8kB,32kB,512kB,8,59427611,32,8,512,552,59427611
8kB,32kB,512kB,16,59341965,32,8,512,552,59341965
8kB,32kB,512kB,32,59207229,32,8,512,552,59207229
8kB,32kB,1024kB,2,59770976,32,8,1024,1064,59770976
8kB,32kB,1024kB,4,59585795,32,8,1024,1064,59585795
8kB,32kB,1024kB,8,59443927,32,8,1024,1064,59443927
8kB,32kB,1024kB,16,59362948,32,8,1024,1064,59362948
8kB,32kB,1024kB,32,59221365,32,8,1024,1064,59221365
16kB,32kB,128kB,2,42902980,32,16,128,176,42902980
16kB,32kB,128kB,4,42691050,32,16,128,176,42691050
16kB,32kB,128kB,8,42524646,32,16,128,176,42524646
16kB,32kB,128kB,16,42451378,32,16,128,176,42451378
16kB,32kB,128kB,32,42326961,32,16,128,176,42326961
16kB,32kB,256kB,2,42887408,32,16,256,304,42887408
16kB,32kB,256kB,4,42674234,32,16,256,304,42674234
16kB,32kB,256kB,8,42506682,32,16,256,304,42506682
16kB,32kB,256kB,16,42434206,32,16,256,304,42434206
16kB,32kB,256kB,32,42328690,32,16,256,304,42328690
16kB,32kB,512kB,2,42819392,32,16,512,560,42819392
16kB,32kB,512kB,4,42619961,32,16,512,560,42619961
16kB,32kB,512kB,8,42439472,32,16,512,560,42439472
16kB,32kB,512kB,16,42371775,32,16,512,560,42371775
16kB,32kB,512kB,32,42351562,32,16,512,560,42351562
16kB,32kB,1024kB,2,42885138,32,16,1024,1072,42885138
16kB,32kB,1024kB,4,42683346,32,16,1024,1072,42683346
16kB,32kB,1024kB,8,42504789,32,16,1024,1072,42504789
16kB,32kB,1024kB,16,42492642,32,16,1024,1072,42492642
16kB,32kB,1024kB,32,42306395,32,16,1024,1072,42306395
32kB,32kB,128kB,2,42532791,32,32,128,192,42532791
32kB,32kB,128kB,4,42307500,32,32,128,192,42307500
32kB,32kB,128kB,8,42180240,32,32,128,192,42180240
32kB,32kB,128kB,16,42126970,32,32,128,192,42126970
32kB,32kB,128kB,32,41898540,32,32,128,192,41898540
32kB,32kB,256kB,2,42525499,32,32,256,320,42525499
32kB,32kB,256kB,4,42321943,32,32,256,320,42321943
32kB,32kB,256kB,8,42171073,32,32,256,320,42171073
32kB,32kB,256kB,16,42130207,32,32,256,320,42130207
32kB,32kB,256kB,32,41896021,32,32,256,320,41896021
32kB,32kB,512kB,2,42497930,32,32,512,576,42497930
32kB,32kB,512kB,4,42291171,32,32,512,576,42291171
32kB,32kB,512kB,8,42140399,32,32,512,576,42140399
32kB,32kB,512kB,16,42094472,32,32,512,576,42094472
32kB,32kB,512kB,32,41895278,32,32,512,576,41895278
32kB,32kB,1024kB,2,42513984,32,32,1024,1088,42513984
32kB,32kB,1024kB,4,42299943,32,32,1024,1088,42299943
32kB,32kB,1024kB,8,42167801,32,32,1024,1088,42167801
32kB,32kB,1024kB,16,42124355,32,32,1024,1088,42124355
32kB,32kB,1024kB,32,41922887,32,32,1024,1088,41922887
64kB,32kB,128kB,2,42710927,32,64,128,224,42710927
64kB,32kB,128kB,4,42503391,32,64,128,224,42503391
64kB,32kB,128kB,8,42335194,32,64,128,224,42335194
64kB,32kB,128kB,16,42284020,32,64,128,224,42284020
64kB,32kB,128kB,32,42168658,32,64,128,224,42168658
64kB,32kB,256kB,2,42521631,32,64,256,352,42521631
64kB,32kB,256kB,4,42298520,32,64,256,352,42298520
64kB,32kB,256kB,8,42166210,32,64,256,352,42166210
64kB,32kB,256kB,16,42114490,32,64,256,352,42114490
64kB,32kB,256kB,32,41892206,32,64,256,352,41892206
64kB,32kB,512kB,2,42501185,32,64,512,608,42501185
64kB,32kB,512kB,4,42276358,32,64,512,608,42276358
64kB,32kB,512kB,8,42185159,32,64,512,608,42185159
64kB,32kB,512kB,16,42097706,32,64,512,608,42097706
64kB,32kB,512kB,32,41889106,32,64,512,608,41889106
64kB,32kB,1024kB,2,42518939,32,64,1024,1120,42518939
64kB,32kB,1024kB,4,42297091,32,64,1024,1120,42297091
64kB,32kB,1024kB,8,42155500,32,64,1024,1120,42155500
64kB,32kB,1024kB,16,42120273,32,64,1024,1120,42120273
64kB,32kB,1024kB,32,41929550,32,64,1024,1120,41929550
2kB,64kB,128kB,2,59997631,64,2,128,194,59997631
2kB,64kB,128kB,4,59804226,64,2,128,194,59804226
2kB,64kB,128kB,8,59647485,64,2,128,194,59647485
2kB,64kB,128kB,16,59553774,64,2,128,194,59553774
2kB,64kB,128kB,32,59405411,64,2,128,194,59405411
2kB,64kB,256kB,2,59982058,64,2,256,322,59982058
2kB,64kB,256kB,4,59791092,64,2,256,322,59791092
2kB,64kB,256kB,8,59639059,64,2,256,322,59639059
2kB,64kB,256kB,16,59542031,64,2,256,322,59542031
2kB,64kB,256kB,32,59395568,64,2,256,322,59395568
2kB,64kB,512kB,2,59974957,64,2,512,578,59974957
2kB,64kB,512kB,4,59787521,64,2,512,578,59787521
2kB,64kB,512kB,8,59630457,64,2,512,578,59630457
2kB,64kB,512kB,16,59548308,64,2,512,578,59548308
2kB,64kB,512kB,32,59375705,64,2,512,578,59375705
2kB,64kB,1024kB,2,59973151,64,2,1024,1090,59973151
2kB,64kB,1024kB,4,59785352,64,2,1024,1090,59785352
2kB,64kB,1024kB,8,59642557,64,2,1024,1090,59642557
2kB,64kB,1024kB,16,59568205,64,2,1024,1090,59568205
2kB,64kB,1024kB,32,59378872,64,2,1024,1090,59378872
4kB,64kB,128kB,2,59898803,64,4,128,196,59898803
4kB,64kB,128kB,4,59706024,64,4,128,196,59706024
4kB,64kB,128kB,8,59542373,64,4,128,196,59542373
4kB,64kB,128kB,16,59453062,64,4,128,196,59453062
4kB,64kB,128kB,32,59261516,64,4,128,196,59261516
4kB,64kB,256kB,2,59877851,64,4,256,324,59877851
4kB,64kB,256kB,4,59673770,64,4,256,324,59673770
4kB,64kB,256kB,8,59523963,64,4,256,324,59523963
4kB,64kB,256kB,16,59437865,64,4,256,324,59437865
4kB,64kB,256kB,32,59252129,64,4,256,324,59252129
4kB,64kB,512kB,2,59849831,64,4,512,580,59849831
4kB,64kB,512kB,4,59656040,64,4,512,580,59656040
4kB,64kB,512kB,8,59510895,64,4,512,580,59510895
4kB,64kB,512kB,16,59424360,64,4,512,580,59424360
4kB,64kB,512kB,32,59242813,64,4,512,580,59242813
4kB,64kB,1024kB,2,59840372,64,4,1024,1092,59840372
4kB,64kB,1024kB,4,59654433,64,4,1024,1092,59654433
4kB,64kB,1024kB,8,59509672,64,4,1024,1092,59509672
4kB,64kB,1024kB,16,59437802,64,4,1024,1092,59437802
4kB,64kB,1024kB,32,59258378,64,4,1024,1092,59258378
8kB,64kB,128kB,2,59804661,64,8,128,200,59804661
8kB,64kB,128kB,4,59612273,64,8,128,200,59612273
8kB,64kB,128kB,8,59454496,64,8,128,200,59454496
8kB,64kB,128kB,16,59360542,64,8,128,200,59360542
8kB,64kB,128kB,32,59223837,64,8,128,200,59223837
8kB,64kB,256kB,2,59787510,64,8,256,328,59787510
8kB,64kB,256kB,4,59585931,64,8,256,328,59585931
8kB,64kB,256kB,8,59444684,64,8,256,328,59444684
8kB,64kB,256kB,16,59349533,64,8,256,328,59349533
8kB,64kB,256kB,32,59213047,64,8,256,328,59213047
8kB,64kB,512kB,2,59764182,64,8,512,584,59764182
8kB,64kB,512kB,4,59572460,64,8,512,584,59572460
8kB,64kB,512kB,8,59424255,64,8,512,584,59424255
8kB,64kB,512kB,16,59337174,64,8,512,584,59337174
8kB,64kB,512kB,32,59202589,64,8,512,584,59202589
8kB,64kB,1024kB,2,59767285,64,8,1024,1096,59767285
8kB,64kB,1024kB,4,59584561,64,8,1024,1096,59584561
8kB,64kB,1024kB,8,59441675,64,8,1024,1096,59441675
8kB,64kB,1024kB,16,59356659,64,8,1024,1096,59356659
8kB,64kB,1024kB,32,59224785,64,8,1024,1096,59224785
16kB,64kB,128kB,2,42898440,64,16,128,208,42898440
16kB,64kB,128kB,4,42686619,64,16,128,208,42686619
16kB,64kB,128kB,8,42519716,64,16,128,208,42519716
16kB,64kB,128kB,16,42446004,64,16,128,208,42446004
16kB,64kB,128kB,32,42295389,64,16,128,208,42295389
16kB,64kB,256kB,2,42886543,64,16,256,336,42886543
16kB,64kB,256kB,4,42673325,64,16,256,336,42673325
16kB,64kB,256kB,8,42505881,64,16,256,336,42505881
16kB,64kB,256kB,16,42433391,64,16,256,336,42433391
16kB,64kB,256kB,32,42320564,64,16,256,336,42320564
16kB,64kB,512kB,2,42868882,64,16,512,592,42868882
16kB,64kB,512kB,4,42651978,64,16,512,592,42651978
16kB,64kB,512kB,8,42487429,64,16,512,592,42487429
16kB,64kB,512kB,16,42417790,64,16,512,592,42417790
16kB,64kB,512kB,32,42312334,64,16,512,592,42312334
16kB,64kB,1024kB,2,42883054,64,16,1024,1104,42883054
16kB,64kB,1024kB,4,42647472,64,16,1024,1104,42647472
16kB,64kB,1024kB,8,42498566,64,16,1024,1104,42498566
16kB,64kB,1024kB,16,42455927,64,16,1024,1104,42455927
16kB,64kB,1024kB,32,42314001,64,16,1024,1104,42314001
32kB,64kB,128kB,2,42530041,64,32,128,224,42530041
32kB,64kB,128kB,4,42304050,64,32,128,224,42304050
32kB,64kB,128kB,8,42175717,64,32,128,224,42175717
32kB,64kB,128kB,16,42141704,64,32,128,224,42141704
32kB,64kB,128kB,32,41906936,64,32,128,224,41906936
32kB,64kB,256kB,2,42517909,64,32,256,352,42517909
32kB,64kB,256kB,4,42291058,64,32,256,352,42291058
32kB,64kB,256kB,8,42162957,64,32,256,352,42162957
32kB,64kB,256kB,16,42121726,64,32,256,352,42121726
32kB,64kB,256kB,32,41900198,64,32,256,352,41900198
32kB,64kB,512kB,2,42503047,64,32,512,608,42503047
32kB,64kB,512kB,4,42274310,64,32,512,608,42274310
32kB,64kB,512kB,8,42143120,64,32,512,608,42143120
32kB,64kB,512kB,16,42098491,64,32,512,608,42098491
32kB,64kB,512kB,32,41891364,64,32,512,608,41891364
32kB,64kB,1024kB,2,42522787,64,32,1024,1120,42522787
32kB,64kB,1024kB,4,42297969,64,32,1024,1120,42297969
32kB,64kB,1024kB,8,42158653,64,32,1024,1120,42158653
32kB,64kB,1024kB,16,42131129,64,32,1024,1120,42131129
32kB,64kB,1024kB,32,41924443,64,32,1024,1120,41924443
64kB,64kB,128kB,2,42710916,64,64,128,256,42710916
64kB,64kB,128kB,4,42500710,64,64,128,256,42500710
64kB,64kB,128kB,8,42330229,64,64,128,256,42330229
64kB,64kB,128kB,16,42281151,64,64,128,256,42281151
64kB,64kB,128kB,32,42166002,64,64,128,256,42166002
64kB,64kB,256kB,2,42521104,64,64,256,384,42521104
64kB,64kB,256kB,4,42294656,64,64,256,384,42294656
64kB,64kB,256kB,8,42212410,64,64,256,384,42212410
64kB,64kB,256kB,16,42124966,64,64,256,384,42124966
64kB,64kB,256kB,32,41897744,64,64,256,384,41897744
64kB,64kB,512kB,2,42492520,64,64,512,640,42492520
64kB,64kB,512kB,4,42267700,64,64,512,640,42267700
64kB,64kB,512kB,8,42134251,64,64,512,640,42134251
64kB,64kB,512kB,16,42087302,64,64,512,640,42087302
64kB,64kB,512kB,32,41888238,64,64,512,640,41888238
64kB,64kB,1024kB,2,42521120,64,64,1024,1152,42521120
64kB,64kB,1024kB,4,42313859,64,64,1024,1152,42313859
64kB,64kB,1024kB,8,42155500,64,64,1024,1152,42155500
64kB,64kB,1024kB,16,42120130,64,64,1024,1152,42120130
64kB,64kB,1024kB,32,41917943,64,64,1024,1152,41917943
